Date,Open Price,High Price,Low Price,Close Price
2021-03-22,365.0,374.24,365.0,371.02
2021-04-05,372.06,394.335,372.06,391.81
2021-04-19,392.0,392.39,370.142,380.56
2021-05-03,379.77,396.99,379.06,390.78
2021-05-17,389.63,394.17,381.35,382.2
2021-05-31,384.23,395.72,380.63,387.72
2021-06-14,387.61,392.045,376.85,382.01
2021-06-28,381.67,384.6,373.245,383.11
2021-07-12,381.9,384.7,367.56,380.77
2021-07-26,373.0,376.242,359.61,362.05
2021-08-09,360.7,364.35,353.57,357.17
2021-08-23,357.94,364.33,355.52,356.0
2021-09-06,354.72,354.72,339.15,340.98
2021-09-20,338.7,357.235,335.1001,347.8
2021-10-04,347.69,366.24,343.7,365.62
2021-10-18,364.33,378.1,325.14,332.32
2021-11-01,330.47,343.02,324.2278,339.06
2021-11-15,339.55,348.09,338.08,342.72
2021-11-29,344.0,347.24,328.2,344.88
2021-12-13,344.4,348.4,333.42,347.02
2021-12-27,347.1,364.0,347.0,360.14
2022-01-10,363.0,381.45,359.45,371.2
2022-01-24,369.55,395.6,365.34,389.33
2022-02-07,392.0,398.85,378.32,386.46
2022-02-21,391.27,462.66,384.5,458.15
2022-03-07,463.01,479.99,411.36,426.18
2022-03-21,431.63,457.53,429.32,445.98
2022-04-04,447.48,474.61,439.55,467.66
2022-04-18,467.0,475.5,430.38,432.12
2022-05-02,429.6,449.58,426.15,435.17
2022-05-16,435.0,454.06,417.29,450.56
2022-05-30,443.0,456.67,425.75,430.19
2022-06-13,424.4,428.36,394.66,419.04
2022-06-27,419.04,434.96,407.21,420.35
2022-07-11,417.9,423.0,373.67,394.74
2022-07-25,394.37,434.6525,393.625,426.41
2022-08-08,427.5,445.49,421.675,440.03
2022-08-22,438.51,442.775,417.55,418.57
2022-09-05,419.01,423.62,407.36,414.29
2022-09-19,414.0,433.786,381.55,386.29
2022-10-03,389.74,418.6299,388.1,389.41
2022-10-17,393.0,491.14,392.145,484.87
2022-10-31,480.45,494.66,462.61,463.86
2022-11-14,467.35,484.5,458.05,483.46
2022-11-28,480.11,498.95,477.73,483.58
2022-12-12,484.95,491.4499,473.665,483.29
2022-12-26,485.0,489.81,465.765,473.24
2023-01-09,467.79,470.79,437.62,443.28
2023-01-23,443.11,466.6999,437.69,459.08
2023-02-06,463.58,489.5,462.75,475.63
2023-02-20,480.51,484.1,471.29,477.89
2023-03-06,476.82,487.6403,463.29,465.87
2023-03-20,468.22,479.25,465.21,472.73
2023-04-03,473.0,498.415,472.75,487.99
2023-04-17,486.57,508.1,459.6,464.45
2023-05-01,465.04,471.08,446.21,450.79
2023-05-15,450.79,458.41,439.7,448.45
2023-05-29,448.08,466.42,443.0,462.69
2023-06-12,462.79,467.17,445.89,459.36
2023-06-26,455.94,463.3499,446.68,458.71
2023-07-10,458.5,479.5,448.11,454.76
2023-07-24,456.0,457.945,444.63,445.72
2023-08-07,447.32,455.61,442.3,450.06
2023-08-21,449.84,457.67,444.49,448.18
2023-09-04,448.0,448.33,415.94,424.05
2023-09-18,427.66,431.45,405.72,408.96
2023-10-02,408.96,443.12,393.77,441.06
2023-10-16,439.42,452.79,434.39,443.39
2023-10-30,444.42,458.224,439.6754,444.87
2023-11-13,445.0,452.59,440.76,452.01
2023-11-27,451.86,452.8299,442.51,448.02
2023-12-11,451.88,454.19,438.71,448.22
2023-12-25,448.15,464.1,447.82,456.5
2024-01-08,454.41,466.27,449.36,457.76
2024-01-22,457.59,460.825,424.38,425.97
2024-02-05,424.0,431.9,413.92,424.07
2024-02-19,425.19,435.02,423.7701,426.46
2024-03-04,428.57,438.21,426.95,435.82
2024-03-18,435.82,457.11,431.68,454.87
